{
  "cli": {
    "version": ">= 5.2.0"
  },
  "build": {
    "development": {
      "developmentClient": true,
      "distribution": "internal"
    },
    "preview": {
      "distribution": "internal",
      "ios": {
        "simulator": false
      },
      "android": {
        "buildType": "apk"
      }
    },
    "production": {
      "autoIncrement": true
    }
  },
  "submit": {
    "production": {
      "ios": {
        "appleId": "your-apple-id@example.com",
        "ascAppId": "your-app-store-connect-app-id",
        "appleTeamId": "your-apple-team-id"
      },
      "android": {
        "serviceAccountKeyPath": "./google-service-account.json",
        "track": "internal"
      }
    }
  }
}




