{
  "framework": "nextjs",
  "buildCommand": "pnpm build",
  "devCommand": "pnpm dev",
  "installCommand": "pnpm install",
  "regions": ["iad1"],
  "env": {
    "NODE_ENV": "production"
  },
  "rewrites": [
    {
      "source": "/auth/callback",
      "destination": "/auth/callback"
    }
  ],
  "headers": [
    {
      "source": "/(.*)",
      "headers": [
        {
          "key": "X-Content-Type-Options",
          "value": "nosniff"
        },
        {
          "key": "X-Frame-Options",
          "value": "DENY"
        },
        {
          "key": "X-XSS-Protection",
          "value": "1; mode=block"
        }
      ]
    }
  ]
}















